name,rankingPosition,priceLevel,category,rating,address,numberOfReviews,cuisine,priceLevelNumeric
Hopetoun Tea Rooms est. 1892,26,$$ - $$$,restaurant,4.07,"421 Bourke St Hopetoun Tea Rooms, Melbourne, Victoria 3000 Australia",2311,Chinese,3
Da Guido La Pasta,2,$$ - $$$,restaurant,4.06,"130 Lygon St Carlton, Melbourne, Victoria 3053 Australia",1095,Italian,2
Foglia di Fico,3,$$ - $$$,restaurant,4.3,"585 La Trobe St (Spencer St entrance), Melbourne, Victoria 3000 Australia",202,Mexican,2
Pidapipo Gelateria,11,$,restaurant,4.32,"299 Lygon St, Carlton, Melbourne, Victoria 3053 Australia",433,Australian,1
Kazuki's,9,$$$$,restaurant,3.8,"121 Lygon St Carlton, Melbourne, Victoria 3053 Australia",500,Australian,4
Hochi Mama,17,$$ - $$$,restaurant,4.14,"35 Little Bourke St, Melbourne, Victoria 3000 Australia",1469,Indian,2
Sezar,18,$$ - $$$,restaurant,4.4,"6 Melbourne Pl, Melbourne, Victoria 3000 Australia",1024,Dessert,3
The French Brasserie,19,$$$$,restaurant,4.6,"2 Malthouse Lane, Melbourne, Victoria 3000 Australia",721,French,4
The Railway Club Hotel Steakhouse,24,$$ - $$$,restaurant,4.6,"107 Raglan St Port Melbourne, Melbourne, Victoria 3207 Australia",680,American,3
Bistrot d'Orsay,29,$$ - $$$,restaurant,3.67,"184 Collins St, Melbourne, Victoria 3000 Australia",497,French,3
Da Guido 365,7,$$ - $$$,restaurant,3.15,"365 Little Collins St, Melbourne, Victoria 3000 Australia",524,Middle Eastern,2
Roule Galette Melbourne,8,$,restaurant,4.65,"241 Flinders Lane Shop 1, Melbourne, Victoria 3000 Australia",604,Seafood,1
Eau De Vie,15,$$ - $$$,restaurant,4.3,"1 Malthouse Lane, Melbourne, Victoria 3000 Australia",814,Mexican,2
Tipo 00,20,$$ - $$$,restaurant,4.3,"361 Little Bourke St, Melbourne, Victoria 3000 Australia",823,Korean,2
Ruyi Modern Chinese,25,$$ - $$$,restaurant,4.6,"16 Liverpool St, Melbourne, Victoria 3000 Australia",377,Chinese,2
David's Master Pot (Elizabeth St - CBD),21,$$ - $$$,restaurant,4.51,"462 Elizabeth St, Melbourne, Victoria 3000 Australia",140,Mexican,2
Longrain,28,$$ - $$$,restaurant,4.23,"44 Little Bourke St, Melbourne, Victoria 3000 Australia",1172,Dessert,2
Straight Outta Saigon,13,$$ - $$$,restaurant,3.76,"138 Russell Street Ground level, Melbourne, Victoria 3000 Australia",337,American,2
Patricia Coffee Brewers,27,$,restaurant,4.27,"493-495 Little Bourke St, Melbourne, Victoria 3000 Australia",212,Café,1
Coda,49,$$$$,restaurant,4.5,"141 Flinders Lane, Melbourne, Victoria 3000 Australia",1150,Vietnamese,4
Bowery to Williamsburg,55,$$ - $$$,restaurant,4.8,"16 Oliver Lane, Melbourne, Victoria 3000 Australia",322,Middle Eastern,3
Rare Steakhouse Midtown,51,$$ - $$$,restaurant,4.6,"12 Goldie Pl, Melbourne, Victoria 3000 Australia",344,American,2
Seven Seeds,46,$$ - $$$,restaurant,4.8,"114 Berkley Street Carlton, Melbourne, Victoria Australia",381,Korean,2
Betty’s Burgers & Concrete Co,44,$,restaurant,3.75,"97 Elizabeth St, Melbourne, Victoria 3000 Australia",1215,American,1
seamstress,36,$$ - $$$,restaurant,4.63,"113 Lonsdale St, Melbourne, Victoria 3000 Australia",501,Korean,2
Laksa King,61,$,restaurant,3.05,"6-12 Pin Oak Cres Flemington, Melbourne, Victoria 3031 Australia",557,Korean,1
Sud Food and Wine,56,$$ - $$$,restaurant,3.0,"219 King St, Melbourne, Victoria 3000 Australia",230,Middle Eastern,3
11 Inch Pizza,4,$,restaurant,4.31,"Shop 7A 353 Little Collins St, Melbourne, Victoria 3000 Australia",324,Italian,1
Operator 25,22,$$ - $$$,restaurant,4.8,"25 Wills St, Melbourne, Victoria 3000 Australia",447,Australian,2
Koko Black Chocolate,38,$$ - $$$,restaurant,4.4,"52 Collins St, Melbourne, Victoria 3000 Australia",558,Dessert,3
Auction Rooms,57,$$ - $$$,restaurant,3.9,"103-107 Errol St, Melbourne, Victoria 3051 Australia",432,Korean,3
Tonka,58,$$$$,restaurant,4.52,"20 Duckboard Pl, Melbourne, Victoria 3000 Australia",817,Thai,4
Il Solito Posto,23,$$ - $$$,restaurant,4.19,"113 Collins St via George Parade, Melbourne, Victoria 3000 Australia",989,Thai,2
Geppetto Trattoria,5,$$ - $$$,restaurant,3.73,"78A Wellington Pde, Melbourne, Victoria 3002 Australia",439,Italian,2
Scopri,1,$$ - $$$,restaurant,4.5,"191 Nicholson St Carlton, Melbourne, Victoria 3053 Australia",1049,Thai,3
Railway Hotel,52,$$ - $$$,restaurant,4.13,"280 Ferrars St, Melbourne, Victoria 3205 Australia",267,Japanese,2
Afternoon Tea at The Hotel Windsor,41,$$$$,restaurant,3.74,"111 Spring Street The Hotel Windsor, Melbourne, Victoria 3000 Australia",1508,American,4
Piccolo Mondo,47,$$ - $$$,restaurant,3.75,"240 Lygon St Carlton, Melbourne, Victoria 3053 Australia",735,French,2
1932 Cafe & Restaurant,50,$$ - $$$,restaurant,4.5,"220 Collins St Manchester Unity Building, Melbourne, Victoria 3000 Australia",443,Café,2
+39 Pizzeria,48,$$ - $$$,restaurant,4.58,"362 Little Bourke St, Melbourne, Victoria 3000 Australia",1232,Dessert,3
Red Spice Road,31,$$ - $$$,restaurant,4.46,"141 Queen St, Melbourne, Victoria 3000 Australia",1737,Italian,3
Straits Cafe Melbourne,75,$$ - $$$,restaurant,4.6,"Rendezvous Hotel Melbourne 328 Flinders St, Melbourne, Victoria 3000 Australia",262,Café,3
Om Nom,83,$$$$,restaurant,3.7,"187 Flinders Lane Adelphi Hotel, Melbourne, Victoria 3000 Australia",545,Greek,4
MoVida Aqui,81,$$ - $$$,restaurant,4.3,"Nab Building, 1 500 Bourke St NAB Building, Melbourne, Victoria 3000 Australia",752,French,3
Cicciolina,62,$$ - $$$,restaurant,4.8,"130 Acland St, Melbourne, Victoria 3182 Australia",375,Thai,2
Movida Bar de Tapas,72,$$ - $$$,restaurant,4.53,"1 Hosier Lane, Melbourne, Victoria 3000 Australia",2760,Korean,3
The Sherlock Holmes,64,$$ - $$$,restaurant,3.73,"415 Collins St, Melbourne, Victoria 3000 Australia",344,Dessert,2
Rare Steakhouse Downtown,60,$$ - $$$,restaurant,4.06,"42-44 King St, Melbourne, Victoria 3000 Australia",516,American,2
Rice Paper Scissors,6,$$ - $$$,restaurant,4.6,"15 Hardware Lane, Melbourne, Victoria 3000 Australia",2701,Thai,3
Ganache Chocolate,87,$$ - $$$,restaurant,3.64,"245 Collins St, Melbourne, Victoria 3000 Australia",260,Dessert,3
Flower Drum,42,$$$$,restaurant,4.7,"17 Market Lane, Melbourne, Victoria 3000 Australia",1367,Middle Eastern,4
Rare Steakhouse Uptown,40,$$ - $$$,restaurant,4.42,"61 Little Collins St Shop 6, Melbourne, Victoria 3000 Australia",755,American,3
Manchester Press,84,$$ - $$$,restaurant,4.44,"8 Rankins Lane, Melbourne, Victoria 3000 Australia",500,Dessert,2
Caterina's Cucina E Bar,85,$$ - $$$,restaurant,4.0,"221 Queen St, Melbourne, Victoria 3000 Australia",111,Middle Eastern,3
Delhi Streets Indian Street Food,37,$,restaurant,4.64,"22 Katherine Pl, Melbourne, Victoria 3000 Australia",262,Indian,1
Amiconi,71,$$ - $$$,restaurant,4.7,"359 Victoria St Locality is West Melbourne, Melbourne, Victoria 3003 Australia",181,Greek,2
La Luna Bistro,69,$$ - $$$,restaurant,4.8,"320 Rathdowne St Carlton, North, Melbourne, Victoria 3054 Australia",384,French,2
pastuso,78,$$ - $$$,restaurant,4.4,"19 Acdc Lane Off Flinders Lane Between Collins St and Exhibition St, Melbourne, Victoria 3000 Australia",857,American,2
Brunetti Classico - Carlton,79,$$ - $$$,restaurant,4.7,"380 Lygon St 380 Lygon St, Carlton Vic, Melbourne, Victoria 3053 Australia",3247,Thai,2
Lucy Liu Kitchen and Bar,67,$$ - $$$,restaurant,4.65,"23 Oliver Lane, Melbourne, Victoria 3000 Australia",1195,Chinese,2
Max Bar Restaurant,63,$$ - $$$,restaurant,4.43,"54 - 58 Hardware Lane, Melbourne, Victoria 3000 Australia",1405,Café,2
San Telmo,66,$$ - $$$,restaurant,4.09,"14 Meyers Pl, Melbourne, Victoria 3000 Australia",709,Japanese,2
Bamboo House Chinese Restaurant,90,$$ - $$$,restaurant,3.45,"47 Little Bourke St, Melbourne, Victoria 3000 Australia",405,Chinese,3
Vue De Monde,33,$$$$,restaurant,4.34,"525 Collins St Rialto Building 55th Floor, Melbourne, Victoria 3000 Australia",2035,Thai,4
Il Bacaro Cucina e Bar,12,$$$$,restaurant,4.0,"68-170 Little Collins St 168-170 Little Collins St, Melbourne, Victoria 3000 Australia",504,Greek,4
Grand Trailer Park Taverna,82,$$ - $$$,restaurant,3.02,"87 Bourke St, Melbourne, Victoria 3000 Australia",296,Greek,2
B'Churrasco Brazilian BBQ,43,$$ - $$$,restaurant,4.4,"61 A'Beckett St, Melbourne, Victoria 3000 Australia",557,Korean,2
The Hardware Societe,35,$$ - $$$,restaurant,4.3,"10 Katherine Pl, Melbourne, Victoria 3000 Australia",1879,Dessert,2
Supernormal,53,$$ - $$$,restaurant,4.8,"180 Flinders Lane, Melbourne, Victoria 3000 Australia",1619,Greek,2
Embla,70,$$ - $$$,restaurant,4.4,"122 Russell St, Melbourne, Victoria 3000 Australia",266,Dessert,3
Cucinetta,10,$$ - $$$,restaurant,4.3,"U 4 3 Murphy St South Yarra, Melbourne, Victoria 3141 Australia",401,Middle Eastern,3
Chocolate Buddha,32,$$ - $$$,restaurant,3.38,"Cnr. Flinders & Swanston Street Federation Square, Melbourne, Victoria 3000 Australia",717,Dessert,3
The Grain Store,39,$$ - $$$,restaurant,4.35,"Ground Floor 517 Flinders Lane, Melbourne, Victoria 3000 Australia",1248,Italian,2
Cargo Restaurant,86,$$ - $$$,restaurant,4.36,"Docklands Melbourne, Melbourne, Victoria 3008 Australia",696,Australian,3
Cecconi's Flinders Lane,80,$$$$,restaurant,3.89,"61 Flinders Lane, Melbourne, Victoria 3000 Australia",539,American,4
MoVida Next Door,73,$$ - $$$,restaurant,4.0,"164 Flinders St, Melbourne, Victoria 3000 Australia",528,Dessert,2
Punch Lane,34,$$ - $$$,restaurant,3.8,"43 Little Bourke St, Melbourne, Victoria 3000 Australia",667,Seafood,2
DOC Pizza & Mozzarella Bar,91,$$ - $$$,restaurant,4.0,"295 Drummond St, Melbourne, Victoria 3053 Australia",672,Italian,3
Kenzan Japanese Restaurant,105,$$ - $$$,restaurant,4.28,"56 Flinders Lane At Collins Place, Melbourne, Victoria 3000 Australia",278,Japanese,3
Seasons Provedore,102,$$ - $$$,restaurant,3.28,"199 Lygon St, Melbourne, Victoria 3053 Australia",494,Indian,2
1806,110,$$ - $$$,restaurant,4.7,"169 Exhibition St, Melbourne, Victoria 3000 Australia",259,Indian,3
The Meat & Wine Co Southbank,112,$$ - $$$,restaurant,3.7,"3 Freshwater Pl 3 Queensbridge Street, Melbourne, Victoria 3006 Australia",1478,Japanese,3
Philippe,103,$$$$,restaurant,3.7,"115 Collins St, Melbourne, Victoria 3000 Australia",261,French,4
The Quarter,94,$$ - $$$,restaurant,3.26,"27 Degraves St, Melbourne, Victoria 3000 Australia",745,Chinese,3
Cookie,95,$$ - $$$,restaurant,4.07,"U 1 252 Swanston St Level 1, 252 Swanston St, Melbourne, Victoria 3000 Australia",1050,Vietnamese,2
P.J.O'Brien's Irish Pub,92,$$ - $$$,restaurant,4.55,"Southgate Southgate Restaurant & Shopping Precinct, Melbourne, Victoria 3006 Australia",544,Australian,2
The  European,97,$$ - $$$,restaurant,3.38,"161 Spring St, Melbourne, Victoria 3000 Australia",951,Indian,2
Rosco's at Chevron Cafe Bar,118,$$ - $$$,restaurant,4.52,"14/519 St Kilda Rd, Melbourne, Victoria 3004 Australia",262,Café,2
Hakata Gensuke Ramen,54,$,restaurant,4.8,"168 Russell St, Melbourne, Victoria 3000 Australia",369,Japanese,1
Taxi Kitchen,76,$$ - $$$,restaurant,4.8,"Level 1, Federation Square, Flinders Street Transport Hotel, Melbourne, Victoria 3000 Australia",953,Dessert,2
Bomba,65,$$ - $$$,restaurant,4.25,"103 Lonsdale St, Melbourne, Victoria 3000 Australia",457,French,3
Cumulus Inc.,59,$$ - $$$,restaurant,4.5,"45 Flinders La, Melbourne, Victoria 3000 Australia",2123,Greek,3
Gingerboy,77,$$ - $$$,restaurant,4.41,"27-29 Crossley St, Melbourne, Victoria 3000 Australia",990,Middle Eastern,2
Grill Steak Seafood,68,$$ - $$$,restaurant,3.0,"68 - 78 Hardware Lane, Melbourne, Victoria 3000 Australia",1479,American,3
Milk the Cow,2,$$ - $$$,restaurant,3.97,"U 1 157 Fitzroy St, St Kilda, Port Phillip, Victoria 3182 Australia",338,French,2
Berth,109,$$ - $$$,restaurant,3.84,"45 New Quay Promenade Docklands, Melbourne, Victoria 3008 Australia",568,American,3
Carlton Wine Room,142,$$ - $$$,restaurant,3.58,"172-174 Faraday Street Carlton, Melbourne, Victoria Australia",205,Chinese,2
Mamasita,135,$$ - $$$,restaurant,4.38,"11 Collins St, Melbourne, Victoria 3000 Australia",1307,American,2
The Meatball and Wine Bar,132,$$ - $$$,restaurant,4.61,"135 Flinders Lane, Melbourne, Victoria 3000 Australia",699,Korean,2
A Hereford Beefstouw,139,$$ - $$$,restaurant,3.95,"22 Duckboard Pl, Melbourne, Victoria 3000 Australia",199,Italian,2
Cafe Rosco,130,$$ - $$$,restaurant,3.68,"407D St Kilda Rd, Melbourne, Victoria 3004 Australia",232,Café,2
BangPop,119,$$ - $$$,restaurant,3.94,"35 South Wharf Promenade Off Dukes Walk, South Wharf, Melbourne, Victoria 3006 Australia",559,Greek,2
Caffe e Cucina,147,$$ - $$$,restaurant,3.7,"581 Chapel St South Yarra, Melbourne, Victoria 3141 Australia",490,Chinese,3
Melba Restaurant,125,$$$$,restaurant,4.14,"1 Southgate Ave The Langham, Southbank, Melbourne, Victoria 3006 Australia",1306,Thai,4
Chokolait Hub,106,$$ - $$$,restaurant,4.58,"287 Lonsdale St Shop 342, Level 3, Emporium, Melbourne, Victoria 3000 Australia",410,Café,2
Waterfront,99,$$$$,restaurant,3.59,"Southgate Avenue Shop 20/3, Melbourne, Victoria 3006 Australia",1525,Italian,4
HQ's On William,122,$$ - $$$,restaurant,3.79,"380 William St Radisson on Flagstaff Gardens, Melbourne, Victoria 3000 Australia",306,Italian,2
Bottega,96,$$$$,restaurant,3.16,"74 Bourke St, Melbourne, Victoria 3000 Australia",405,American,4
Shanghai Street,121,$,restaurant,3.3,"342 Little Bourke St, Melbourne, Victoria 3000 Australia",595,Italian,1
Lupino Bistro and Bar,16,$$ - $$$,restaurant,4.7,"41 Little Collins St, Melbourne, Victoria 3000 Australia",416,French,3
Mamak,116,$,restaurant,4.9,"366 Lonsdale St, Melbourne, Victoria 3000 Australia",514,Chinese,1
Donovans,1,$$$$,restaurant,3.82,"40 Jacka Boulevard, St Kilda, Port Phillip, Victoria 3182 Australia",1022,Vietnamese,4
Brick Lane Melbourne,14,$$ - $$$,restaurant,4.6,"33 Guildford Lane, Melbourne, Victoria 3000 Australia",208,French,2
No35,104,$$$$,restaurant,3.67,"35/25 Collins St Level 35, Melbourne, Victoria 3000 Australia",929,Seafood,4
La Camera Restaurant Southgate,145,$$ - $$$,restaurant,4.55,"Shop MR2, Mid-level, Southgate Southbank, Melbourne, Victoria 3006 Australia",1148,Korean,2
Brother Baba Budan,30,$,restaurant,3.15,"359 Little Bourke St Cbd, Melbourne, Victoria 3000 Australia",440,Australian,1
Japanese Teppanyaki Inn,107,$$$$,restaurant,4.58,"182 Collins St, Melbourne, Victoria 3000 Australia",219,Japanese,4
Rosa's Canteen,138,$$ - $$$,restaurant,4.42,"Cnr Little Bourke & Thomson St Level 1, Melbourne, Victoria 3000 Australia",154,Seafood,2
Two Birds One Stone,101,$$ - $$$,restaurant,4.2,"12 Claremont St, Melbourne, Victoria 3141 Australia",366,Australian,2
Red Emperor Chinese Restaurant,165,$$ - $$$,restaurant,3.52,"3 Southgate Ave M10/ Mid Level, Melbourne, Victoria 3006 Australia",534,Chinese,3
Squires Loft South Yarra,93,$$ - $$$,restaurant,4.7,"166 Toorak Rd, Melbourne, Victoria 3141 Australia",383,Dessert,3
Grossi  Florentino,133,$$$$,restaurant,3.0,"80 Bourke St, Melbourne, Victoria 3000 Australia",1262,Mexican,4
Epocha,128,$$$$,restaurant,3.81,"49 Rathdowne St Carlton South, Melbourne, Victoria 3053 Australia",254,American,4
Magic Mountain Saloon,148,$$ - $$$,restaurant,4.46,"62 Little Collins St, Melbourne, Victoria 3000 Australia",289,Japanese,2
The Bank on Collins,98,$$ - $$$,restaurant,3.83,"394 Collins St, Melbourne, Victoria 3000 Australia",393,Greek,2
Ponyfish Island,115,$$ - $$$,restaurant,3.53,"Underneath Evan Walker Pedestrian Bridge Southbank, Melbourne, Victoria 3006 Australia",479,Seafood,2
IL Dolce Freddo,146,$,restaurant,4.57,"116 Lygon Street, Carlton, Melbourne, Victoria 3053 Australia",175,French,1
Osteria Ilaria,120,$$ - $$$,restaurant,3.83,"367 Little Bourke St, Melbourne, Victoria 3000 Australia",248,Italian,3
Juicy Bao,123,$,restaurant,4.5,"178-190 Little Bourke St Shop 2, Melbourne, Victoria 3000 Australia",365,Italian,1
Fitzrovia,3,$$ - $$$,restaurant,3.58,"155 Fitzroy St, St Kilda, Port Phillip, Victoria 3182 Australia",732,Thai,2
Trattoria Emilia,141,$$ - $$$,restaurant,3.76,"360 Little Collins St Little Collins Street, Melbourne, Victoria 3000 Australia",261,Italian,3
Maha,45,$$$$,restaurant,4.7,"21 Bond St, Melbourne, Victoria 3000 Australia",1702,Greek,4
Tiamo,144,$$ - $$$,restaurant,3.13,"303 Lygon St Carlton, Melbourne, Victoria 3053 Australia",726,French,3
Vivace,1,$$ - $$$,restaurant,4.5,"317 Bay St, Brighton, Bayside, Victoria 3186 Australia",408,Indian,2
Conservatory,108,$$$$,restaurant,4.36,"Crown Entertainment Complex 8 Whiteman St 8 Whiteman St, Southbank, Melbourne, Victoria 3006 Australia",1129,Italian,4
Dukes Coffee Roasters,89,$,restaurant,4.8,"247 Flinders Lane, Melbourne, Victoria 3000 Australia",182,Café,1
Trunk,129,$$ - $$$,restaurant,4.16,"275 Exhibition St, Melbourne, Victoria 3000 Australia",769,Vietnamese,3
Becco,124,$$$$,restaurant,4.18,"11-25 Crossley St, Melbourne, Victoria 3000 Australia",378,Café,4
Sally's Kitchen and Winebar,131,$$ - $$$,restaurant,4.35,"115 Little Lonsdale St, Melbourne, Victoria 3000 Australia",232,Italian,3
Higher Ground,134,$$ - $$$,restaurant,3.22,"650 Little Bourke St, Melbourne, Victoria 3000 Australia",713,Seafood,2
The Recreation bistro x bottleshop,143,$$ - $$$,restaurant,4.9,"162-170 Queens Parade, Fitzroy North, Melbourne, Victoria 3068 Australia",109,French,2
Pellegrini's Espresso Bar,127,$,restaurant,4.03,"66 Bourke St, Melbourne, Victoria 3000 Australia",1067,Café,1
DoDee Paidang Thai Bar and Cafe,117,$,restaurant,4.7,"353 Little Collins St, Melbourne, Victoria 3000 Australia",185,Thai,1
Ca de Vin,136,$$ - $$$,restaurant,4.6,"350 Bourke St Melbourne GPO, Melbourne, Victoria 3000 Australia",523,Thai,3
Terra Rossa Restaurant & Bar,137,$$ - $$$,restaurant,4.9,"87 Flinders Lane, Melbourne, Victoria 3000 Australia",458,Mexican,2
Noir,3,$$$$,restaurant,4.9,"175 Swan St, Richmond, Yarra, Victoria 3121 Australia",234,Italian,4
Bistro Thierry,1,$$$$,restaurant,3.19,"511 Malvern Rd, Toorak, Stonnington, Victoria 3142 Australia",540,French,4
Bouzy Rouge,2,$$ - $$$,restaurant,4.8,"470 Bridge Rd, Richmond, Yarra, Victoria 3121 Australia",358,Seafood,2
Sake Restaurant & Bar,180,$$ - $$$,restaurant,4.31,"100 St Kilda Rd Hamer Hall, Arts Centre, Melbourne, Victoria 3004 Australia",725,Seafood,2
Ginger Olive Restaurant and Grill,164,$$ - $$$,restaurant,4.3,"U 2 38 Manchester Lane Corner Manchester Lane and Flinders Lane, Melbourne, Victoria 3000 Australia",80,American,3
Mercadante Woodfired Pizzeria,175,$$ - $$$,restaurant,4.9,"Shop 123, Lygon St Carlton, Melbourne, Victoria 3053 Australia",365,Middle Eastern,3
Palermo,166,$$ - $$$,restaurant,3.42,"401 Little Bourke St, Melbourne, Victoria 3000 Australia",143,Korean,2
France Soir,154,$$$$,restaurant,3.34,"11 Toorak Rd South Yarra, Melbourne, Victoria 3141 Australia",654,Dessert,4
Blondie Bar,155,$$ - $$$,restaurant,4.8,"Corner Sturt Street & Southbank Boulevard, Southbank Melbourne Recital Centre, Melbourne, Victoria 3006 Australia",258,Middle Eastern,2
Ciao Cielo,159,$$ - $$$,restaurant,4.21,"115 Bay St, Melbourne, Victoria 3207 Australia",268,Dessert,2
Madame Brussels,114,$$ - $$$,restaurant,4.6,"59-63 Bourke St Level 3, Above Spaghetti Tree Restaurant!, Melbourne, Victoria 3000 Australia",461,Vietnamese,3
Pure South Dining,177,$$$$,restaurant,3.47,"3 Southgate Ave Southbank, Melbourne, Victoria 3006 Australia",927,Thai,4
Nobu Melbourne,178,$$$$,restaurant,3.47,"Crown Entertainment Complex 8 Whiteman St, Melbourne, Victoria 3006 Australia",1462,Greek,4
Stalactites,149,$$ - $$$,restaurant,3.88,"177-183 Lonsdale St, Melbourne, Victoria 3000 Australia",1473,Dessert,3
St Ali Coffee Roasters,111,$$ - $$$,restaurant,3.0,"12-18 Yarra Pl, Melbourne, Victoria 3205 Australia",632,Café,2
Hofbrauhaus,126,$$ - $$$,restaurant,4.11,"18-26 Market Lane In the heart of Chinatown, Melbourne, Victoria 3000 Australia",475,Seafood,3
The Lui Bar,113,$$$$,restaurant,4.3,"Rialto L 55 525 Collins St, Melbourne, Victoria 3000 Australia",463,Chinese,4
Centonove,1,$$$$,restaurant,4.44,"109 Cotham Rd, Kew, Boroondara, Victoria 3101 Australia",252,Japanese,4
Axil Coffee Roasters,150,$$ - $$$,restaurant,4.7,"322 Burwood Rd Hawthorn Not Camberwell, Melbourne, Victoria 3122 Australia",200,Café,3
Claypots Seafood Bar,4,$$ - $$$,restaurant,3.0,"213 Barkly St, St Kilda, Port Phillip, Victoria 3182 Australia",525,Seafood,2
La Cucina Di Sandra,5,$$ - $$$,restaurant,4.8,"62 Lyndhurst St Warehouse 62, Richmond, Yarra, Victoria 3121 Australia",73,Australian,3
Vaporetto Bar & Eatery,2,$$ - $$$,restaurant,4.7,"Rear 681 Glenferrie Rd Enter via Grace St, Hawthorn, Boroondara, Victoria 3122 Australia",261,Café,2
Box Seafood Restaurant,168,$$$$,restaurant,4.19,"189 Collins St, Melbourne, Victoria 3000 Australia",416,Seafood,4
Ombra Salumi Bar,158,$$ - $$$,restaurant,3.83,"76 Bourke St, Melbourne, Victoria 3000 Australia",230,Thai,3
Brunetti Oro Flinders Lane,176,$$ - $$$,restaurant,3.87,"250 Flinders Ln, Melbourne, Victoria 3000 Australia",332,Chinese,2
The Kettle Black,140,$$ - $$$,restaurant,4.9,"50 Albert Rd, Melbourne, Victoria 3205 Australia",450,Thai,2
The Vegie Bar,6,$$ - $$$,restaurant,3.31,"380 Brunswick St, Fitzroy, Yarra, Victoria 3065 Australia",936,Chinese,2
Fiorelli,1,$$ - $$$,restaurant,4.1,"209 Camberwell Road, Camberwell, Victoria 3124 Australia",213,Japanese,2
Galleon Cafe,5,$$ - $$$,restaurant,4.1,"9 Carlisle St, St Kilda, Port Phillip, Victoria 3182 Australia",260,Café,3
Estelle,1,$$$$,restaurant,4.8,"243 High St, Northcote, Victoria 3070 Australia",395,French,4
Top Paddock,4,$$ - $$$,restaurant,4.33,"658 Church Street, Richmond, Yarra, Victoria Australia",692,Mexican,3
Jinda Thai,1,$$ - $$$,restaurant,4.66,"3-7 Ferguson St, Abbotsford, Yarra, Victoria 3067 Australia",328,Thai,3
Byblos Bar & Restaurant,191,$$ - $$$,restaurant,4.8,"12 World Trade Centre, Melbourne, Victoria 3005 Australia",314,Indian,2
Eureka 89,190,$$$$,restaurant,4.64,"7 Riverside Quay Level 89, Eureka Tower, Melbourne, Victoria 3006 Australia",264,Korean,4
Hanoi Mee Kitchen & Bar,184,$$ - $$$,restaurant,4.4,"140 Rouse St Port Melbourne, Melbourne, Victoria 3207 Australia",112,Mexican,2
The Olive Tree,186,$$ - $$$,restaurant,3.31,"19 Park St, Melbourne, Victoria 3205 Australia",180,Japanese,3
Chuckle Park Bar,188,$$ - $$$,restaurant,4.07,"322 Little Collins St, Melbourne, Victoria 3000 Australia",157,American,3
Gin Palace,156,$$ - $$$,restaurant,4.38,"10 Russell Pl, Melbourne, Victoria 3000 Australia",274,Australian,2
Mahn Doo,169,$$ - $$$,restaurant,4.4,"365 La Trobe St, Melbourne, Victoria 3000 Australia",119,Seafood,2
Banff,8,$,restaurant,4.8,"145 Fitzroy St, St Kilda, Port Phillip, Victoria 3182 Australia",384,Chinese,1
Young and Jacksons,167,$$ - $$$,restaurant,4.0,"Cnr Swanston & Flinders Sts, Melbourne, Victoria 3000 Australia",366,Thai,2
Attica,1,$$$$,restaurant,3.66,"74 Glen Eira Rd, Ripponlea, Port Phillip, Victoria 3185 Australia",626,American,4
St LuJa,7,$$ - $$$,restaurant,4.0,"9 Fitzroy St, St Kilda, Port Phillip, Victoria 3182 Australia",124,French,3
Sister of Soul,9,$$ - $$$,restaurant,4.08,"73 Acland St, St Kilda, Port Phillip, Victoria 3182 Australia",402,Mexican,3
Bistro Guillaume,160,$$$$,restaurant,4.4,"Crown Entertainment Complex 8 Whiteman St Riverside at Crown, Southbank, Melbourne, Victoria 3006 Australia",1115,French,4
Mezzo,225,$$ - $$$,restaurant,3.0,"35 Little Bourke St, Melbourne, Victoria 3000 Australia",324,Mexican,2
Self Preservation,230,$$ - $$$,restaurant,4.07,"70 Bourke St, Melbourne, Victoria 3000 Australia",207,Italian,2
Vertue Coffee Roasters,217,$$ - $$$,restaurant,3.71,"8 Raffa Place, Melbourne, Victoria 3053 Australia",114,Café,2
Shakahari Vegetarian Restaurant,231,$$ - $$$,restaurant,4.4,"201-203 Faraday St, Melbourne, Victoria 3053 Australia",221,Italian,2
Bacash Restaurant,219,$$$$,restaurant,4.9,"175 Domain Rd, Melbourne, Victoria 3141 Australia",208,Chinese,4
Koko Japanese Restaurant,241,$$$$,restaurant,3.99,"Crown Entertainment Complex 8 Whiteman St 8 Whiteman St, Southbank, Melbourne, Victoria 3006 Australia",323,Japanese,4
La Belle Miette,239,$$ - $$$,restaurant,4.06,"8 Collins St, Melbourne, Victoria 3000 Australia",121,Italian,3
Cafe Excello,193,$$ - $$$,restaurant,3.8,"99 Spring St, Melbourne, Victoria 3000 Australia",220,Café,2
Lee Ho Fook,202,$$ - $$$,restaurant,3.76,"11-15 Duckboard Pl, Melbourne, Victoria 3000 Australia",200,Middle Eastern,2
Scugnizzo,199,$$ - $$$,restaurant,4.52,"558 Little Bourke St Entrance via Merritts place, Melbourne, Victoria 3000 Australia",180,Australian,2
The Breslin Bar & Grill,179,$$ - $$$,restaurant,4.6,"2 Southbank Bvd, Melbourne, Victoria 3006 Australia",650,American,3
Tazio,201,$$ - $$$,restaurant,4.39,"91 Flinders Lane, Melbourne, Victoria 3000 Australia",291,Chinese,2
Rice Paper,192,$,restaurant,4.7,"245 Swanston St, Melbourne, Victoria 3000 Australia",287,Australian,1
Papa Gino's Pizza Restaurant,209,$$ - $$$,restaurant,4.02,"Lygon Street Carlton, Melbourne, Victoria 3053 Australia",465,Italian,2
Encore Bar and Restaurant,210,$$ - $$$,restaurant,4.7,"131 Lonsdale St, Melbourne, Victoria 3000 Australia",135,Café,3
The Jazz Corner Cafe,203,$$ - $$$,restaurant,3.35,"350 William St located within The Jazz Corner Hotel - lobby cafe and mezzanine restaurant, Melbourne, Victoria 3000 Australia",305,Café,3
Hutong Dumpling Bar,153,$$ - $$$,restaurant,3.3,"14-16 Market Lane, Melbourne, Victoria 3000 Australia",766,Chinese,2
Giro d'Italia,74,$$ - $$$,restaurant,4.44,"401 Saint Kida Road, Melbourne, Victoria 3000 Australia",84,Thai,2
Il Duca,157,$$ - $$$,restaurant,4.5,"132 Wellington Pde, Melbourne, Victoria 3002 Australia",242,Indian,2
Merchant,182,$$ - $$$,restaurant,3.33,"495 Collins St, Melbourne, Victoria 3000 Australia",331,Indian,2
Richmond Oyster,6,$$ - $$$,restaurant,3.68,"437 Church St, Richmond, Yarra, Victoria 3121 Australia",326,Seafood,2
Marion Wine Bar,8,$$ - $$$,restaurant,4.56,"53 Gertrude St, Fitzroy, Yarra, Victoria 3065 Australia",145,Seafood,2
Mitre Tavern Steakhouse & Grill,151,$$ - $$$,restaurant,4.56,"5 Bank Pl Level 1, Melbourne, Victoria 3000 Australia",424,American,2
Naked for Satan,5,$$ - $$$,restaurant,3.51,"285 Brunswick St, Fitzroy, Yarra, Victoria 3065 Australia",1244,Café,2
Chez Dre Cafe,229,$$ - $$$,restaurant,4.47,"Rear of 285/287 Coventry St Access Via Alleyway, Melbourne, Victoria 3205 Australia",386,Café,2
Pier Port Melbourne,220,$$ - $$$,restaurant,3.9,"1 Bay St, Melbourne, Victoria 3207 Australia",189,Middle Eastern,3
Little Ramen Bar,236,$,restaurant,4.21,"369 Little Collins St, Melbourne, Victoria 3000 Australia",173,Japanese,1
Red Pepper Indian Restaurant,254,$$ - $$$,restaurant,4.3,"14 Bourke St, Melbourne, Victoria 3000 Australia",408,Indian,2
Pacinos Italian Family Restaurant,1,$$ - $$$,restaurant,4.7,"300 Epsom Rd 300-320 Epsom Road, Ascot Vale, Moonee Valley, Victoria 3031 Australia",240,Italian,3
Angus & Bon,1,$$ - $$$,restaurant,4.48,"168 Greville Street, Prahran, Stonnington, Victoria 3181 Australia",168,Thai,3
Miyako Japanese Cuisine & Teppanyaki,250,$$ - $$$,restaurant,3.46,"3 Southgate Ave Upper Level, Shop UR2, Southgate Arts & Leisure Precinct, Melbourne, Victoria 3006 Australia",323,Japanese,2
Nirankar Restaurant,248,$$ - $$$,restaurant,4.9,"174-176 Queen St, Melbourne, Victoria 3000 Australia",189,Australian,2
BearBrass,252,$$ - $$$,restaurant,4.14,"Shop GR3A 3 Southgate Ave Southbank VIC, Melbourne, Victoria 3006 Australia",625,Greek,3
3 Brothersss Indian Restaurant,228,$$ - $$$,restaurant,4.8,"513 Elizabeth St Queen Victoria Market, Melbourne, Victoria 3000 Australia",41,Indian,2
Cherry & Twigs,233,$,restaurant,3.53,"Shop 1B 555 Flinders Lane, Melbourne, Victoria 3000 Australia",135,Greek,1
Shujinko,261,$,restaurant,3.89,"225 Russell St, Melbourne, Victoria 3000 Australia",142,Indian,1
Aagaman Indian Nepalese Restaurant,262,$$ - $$$,restaurant,4.5,"271 Bay St, Melbourne, Victoria 3207 Australia",132,Indian,2
Kisume,234,$$$$,restaurant,3.86,"175 Flinders Lane, Melbourne, Victoria 3000 Australia",399,Australian,4
Cafe Andiamo,226,$$ - $$$,restaurant,3.1,"36-38 Degraves Lane, Melbourne, Victoria 3000 Australia",553,Café,3
Simply Spanish QVM,215,$$ - $$$,restaurant,4.2,"513 Elizabeth St, Melbourne, Victoria 3000 Australia",210,French,2
The Deck Restaurant,216,$$ - $$$,restaurant,3.48,"Upper Level Southgate Southgate Centre, Southgate Arts & Leisure Complex/3, Melbourne, Victoria 3006 Australia",284,Café,2
Bangkok Jam,205,$$ - $$$,restaurant,3.78,"107 Little Bourke St, Melbourne, Victoria 3000 Australia",100,Italian,3
Teatro,206,$$ - $$$,restaurant,3.34,"Southbank Promenade Tenancy A Hamer Hall, Melbourne, Victoria 3006 Australia",510,Dessert,3
Meatmaiden,204,$$ - $$$,restaurant,4.14,"195 Little Collins St Basement, Melbourne, Victoria 3000 Australia",344,French,2
Betty's Burgers,185,$$ - $$$,restaurant,4.5,"222 Exhibition St, Melbourne, Victoria 3000 Australia",86,American,2
China Red,181,$$ - $$$,restaurant,3.96,"Shop 6 206 Bourke St, Melbourne, Victoria 3000 Australia",353,Chinese,2
SPQR Pizzeria,197,$$ - $$$,restaurant,4.29,"26 Liverpool Street, Melbourne 3000, Melbourne, Victoria 3000 Australia",194,Korean,2
The Atlantic Restaurant,207,$$$$,restaurant,3.67,"Crown Entertainment Complex 8 Whiteman St Crown Entertainment Complex, Melbourne, Victoria 3006 Australia",1570,Italian,4
Rockpool Bar & Grill,189,$$$$,restaurant,4.16,"Crown Complex Southbank, Melbourne, Victoria 3006 Australia",1961,American,4
Rubiras,174,$$ - $$$,restaurant,4.14,"192 Station St Swallows Hotel, Melbourne, Victoria 3207 Australia",218,Seafood,2
Metro Burger,100,$,restaurant,4.21,"12 Degraves St, Melbourne, Victoria 3000 Australia",146,American,1
Dunyazad,235,$$ - $$$,restaurant,4.3,"329 Doncaster Rd, Balwyn North, Boorandara, Melbourne, Victoria VIC 3104 Australia",171,Café,3
Bar Lourinha,172,$$ - $$$,restaurant,4.14,"37 Little Collins St, Melbourne, Victoria 3000 Australia",284,Middle Eastern,3
Chin Chin,162,$$ - $$$,restaurant,4.2,"125 Flinders Lane, Melbourne, Victoria 3000 Australia",6029,Thai,3
Izakaya Den,173,$$ - $$$,restaurant,4.5,"Basement 118 Russell St, Melbourne, Victoria 3000 Australia",258,Japanese,2
Matteo's,1,$$$$,restaurant,4.43,"533 Brunswick St Melbourne, North Fitzroy, Yarra, Victoria 3068 Australia",378,Thai,4
Humble Rays,267,$$ - $$$,restaurant,3.92,"71 Bouverie St Carlton, Melbourne, Victoria 3053 Australia",88,American,2
Smith and Daughters,9,$$ - $$$,restaurant,4.51,"175 Brunswick St, Fitzroy, Yarra, Victoria 3065 Australia",388,American,2
Hophaus Bar,251,$$ - $$$,restaurant,4.38,"Southgate Ave Shop MR5, Mid-Level, Southbank Promenade, Melbourne, Victoria 3006 Australia",471,French,3
Hunky Dory,240,$,restaurant,4.6,"670 Chapel Street Shop 17, Melbourne, Victoria 3205 Australia",245,American,1
Waiters Restaurant - Italian Waiters Club,183,$$ - $$$,restaurant,4.7,"20 Meyers Pl, Melbourne, Victoria 3000 Australia",282,Dessert,2
Gopal's Vegetarian,242,$,restaurant,4.7,"139 Swanston St, Melbourne, Victoria 3000 Australia",170,American,1
Sushi Hub Swanston,196,$,restaurant,4.33,"55 Swanston St, Melbourne, Victoria 3000 Australia",191,Japanese,1
Spaghetti Tree,171,$$ - $$$,restaurant,4.38,"59 Bourke St, Melbourne, Victoria 3000 Australia",786,Mexican,2
Arbory Bar & Eatery,194,$$ - $$$,restaurant,4.35,"Flinders Walk, Melbourne, Victoria 3000 Australia",827,Café,2
La Spaghettata,163,$$ - $$$,restaurant,4.6,"238 Lygon St, Melbourne, Victoria 3053 Australia",536,Italian,2
Triim Food & Drink,259,$$ - $$$,restaurant,4.55,"33 Hardware Lane, Melbourne, Victoria 3000 Australia",224,Australian,2
Gourmet Curry Hut,247,$$ - $$$,restaurant,4.26,"318 Hub Arcade Little Collins Street, Melbourne, Victoria 3000 Australia",175,Indian,2
Little Billy,258,$$ - $$$,restaurant,4.15,"Shop W2 195 William St, Melbourne, Victoria 3000 Australia",162,Japanese,3
Thirty Eight Chairs,23,$$ - $$$,restaurant,4.4,"4A Bond St, Yarra, Victoria 3141 Australia",283,Italian,2
The Fitz Cafe & Rooftop,11,$$ - $$$,restaurant,4.67,"347 Brunswick St, Fitzroy, Yarra, Victoria 3065 Australia",257,Café,3
Restaurant 1903,245,$$ - $$$,restaurant,3.74,"44 Spencer St Very Close to Southern Cross Railway Station, Melbourne, Victoria 3000 Australia",155,Dessert,2
Universal Restaurant,257,$$ - $$$,restaurant,4.4,"141 Lygon Street Carlton, Melbourne, Victoria 3053 Australia",363,Japanese,2
Pho Bo Ga Mekong,269,$,restaurant,3.03,"241 Swanston St, Melbourne, Victoria 3000 Australia",448,Vietnamese,1
Gradi Crown,246,$$ - $$$,restaurant,3.9,"Crown Entertainment Complex 8 Whiteman St Shop 25, Melbourne, Victoria 3006 Australia",1093,Australian,3
Pinchy's,198,$$ - $$$,restaurant,4.64,"Level 1, 200 Bourke St Midcity Arcade, Melbourne, Victoria 3000 Australia",146,Korean,3
Agathe Patisserie,213,$,restaurant,4.54,"64/362 Coventry Street South Melbourne Market Stall, Melbourne, Victoria 3205 Australia",73,Mexican,1
Claypots Barbarossa,237,$$ - $$$,restaurant,4.7,"79 Hardware Lane Melbourne CBD, Melbourne, Victoria 3000 Australia",190,Greek,3
Seedling Cafe,238,$$ - $$$,restaurant,4.14,"349 Little Collins St, Melbourne, Victoria 3000 Australia",75,Café,3
Vespa Rossa,244,$$ - $$$,restaurant,4.63,"30 Block Pl, Melbourne, Victoria 3000 Australia",122,Middle Eastern,3
Ides,170,$$$$,restaurant,4.04,"92 Smith St, Melbourne, Victoria 3066 Australia",129,Middle Eastern,4
Uncle Collins Street,291,$$ - $$$,restaurant,4.6,"15 Collins St Level 1, Melbourne, Victoria 3000 Australia",81,American,2
Mr. Hive,289,$$ - $$$,restaurant,3.93,"Level 1, Crown Metropol 8 Whiteman Street, Melbourne, Victoria Australia",456,French,2
Sosta Ristorante,283,$$ - $$$,restaurant,4.69,"12 Errol Street, Melbourne, Victoria 3051 Australia",183,Italian,2
Gordon's Cafe & Bar,292,$$ - $$$,restaurant,3.0,"306 Little Collins St Shop 4, Melbourne, Victoria 3000 Australia",147,Café,2
Isan Soul Thai Street Food,265,$$ - $$$,restaurant,3.83,"98 Bourke St, Melbourne, Victoria 3000 Australia",89,Thai,2
Oriental Spoon,295,$$ - $$$,restaurant,4.0,"254 La Trobe St, Melbourne, Victoria 3000 Australia",217,Chinese,2
Oak & Vine,276,$$ - $$$,restaurant,3.83,"60 Market St, Melbourne, Victoria 3000 Australia",108,Greek,3
The Bond Store,280,$$ - $$$,restaurant,4.23,"1 Riverside Qy, Melbourne, Victoria 3006 Australia",154,Vietnamese,2
Transformer Fitzroy,12,$$ - $$$,restaurant,4.7,"99 Rose Street, Fitzroy, Yarra, Victoria 3065 Australia",285,Australian,3
Windows Restaurant,272,$$ - $$$,restaurant,3.0,"65 Queens Rd, Melbourne, Victoria 3004 Australia",208,Seafood,2
Code Black,3,$$ - $$$,restaurant,4.03,"15-17 Weston St, Brunswick, Moreland, Victoria 3056 Australia",187,Australian,2
Grill'd Degraves St,263,$,restaurant,4.34,"15 Degraves St, Melbourne, Victoria 3000 Australia",219,American,1
Bistro Gitan,2,$$ - $$$,restaurant,4.7,"52 Toorak Rd West, South Yarra, Victoria 3141 Australia",268,French,3
Topolino's,12,$$ - $$$,restaurant,4.7,"87 Fitzroy St, St Kilda, Port Phillip, Victoria 3182 Australia",386,Vietnamese,3
Kirks Wine Bar,243,$$ - $$$,restaurant,4.0,"Cnr Hardware Lane and Little Bourke, Melbourne, Victoria 3000 Australia",217,Café,2
Saporito Taquito,264,$$ - $$$,restaurant,4.1,"163 Inkerman St Unit 211, Melbourne, Victoria 3182 Australia",96,Middle Eastern,3
Esca Grill,1,$$$$,restaurant,4.7,"650 Mt Alexander Rd, Moonee Ponds, Moonee Valley, Victoria 3039 Australia",345,American,4
ShanDong MaMa,271,$,restaurant,4.63,"200 Bourke St Mid City Centre, Shop 7, Melbourne, Victoria 3000 Australia",220,French,1
Simply Spanish,222,$$ - $$$,restaurant,3.4,"116 Cecil St, Melbourne, Victoria 3205 Australia",251,American,2
Milk the Cow,161,$$ - $$$,restaurant,4.67,"323 Lygon St, Melbourne, Victoria 3053 Australia",152,Café,2
Bluetrain,268,$$ - $$$,restaurant,3.0,"Southgate Complex, Upper Level, Melbourne, Victoria 3006 Australia",667,Korean,3
Peko Peko,223,$,restaurant,4.3,"190 Wells St, Melbourne, Victoria 3205 Australia",208,Vietnamese,1
Republica,11,$$ - $$$,restaurant,3.93,"10-18 Jacka Boulevard St. Kilda Sea Baths, St Kilda, Port Phillip, Victoria 3182 Australia",492,Australian,2
Tsindos-The Greeks Restaurant,88,$$ - $$$,restaurant,4.09,"197 Lonsdale St, Melbourne, Victoria 3000 Australia",718,Greek,2
Tulum Restaurant,281,$$ - $$$,restaurant,4.1,"217 Carlisle Street, Balaclava Near the Balaclava train station, Melbourne, Victoria 2575 Australia",167,Japanese,3
Melbourne Hwaro Korean Barbecue,285,$$ - $$$,restaurant,4.29,"Level Ground 562 Little Bourke St, Melbourne, Victoria 3000 Australia",141,Korean,2
Journeyman,3,$$ - $$$,restaurant,4.36,"169 Chapel St, Windsor, Stonnington, Victoria 3181 Australia",203,Café,2
Square & Compass,290,$$ - $$$,restaurant,3.64,"222 Clarendon Street, Melbourne, Victoria Australia",113,Australian,2
Amaru Melbourne Restaurant,1,$$$$,restaurant,4.3,"Shop 5 1121 High St, Armadale, Stonnington, Victoria 3143 Australia",118,Seafood,4
Don Don Japanese,274,$,restaurant,4.8,"198 Little Lonsdale St, Melbourne, Victoria 3000 Australia",241,Japanese,1
Beer DeLuxe,277,$$ - $$$,restaurant,3.87,"Federation Square Corner Swanston and Flinders Streets, Melbourne, Victoria 3000 Australia",304,Seafood,3
Grill'd QV,309,$$ - $$$,restaurant,4.29,"Level 2, Queen Victoria Square, Melbourne, Victoria 3000 Australia",235,American,2
Rumi Brunswick,1,$$ - $$$,restaurant,4.5,"116 Lygon St, Brunswick East, Moreland, Victoria 3057 Australia",265,Italian,3
Abbey Road Cafe,10,$$ - $$$,restaurant,3.75,"129-131 Acland St, St Kilda, Port Phillip, Victoria 3182 Australia",805,Café,2
Spicy Korea,296,$,restaurant,3.82,"U 1 601 Little Collins St, Melbourne, Victoria 3000 Australia",72,Greek,1
The Meat & Wine Co Hawthorn East,3,$$ - $$$,restaurant,4.9,"482 Riversdale Rd, Hawthorn, Boroondara, Victoria 3123 Australia",417,American,2
Nine Elephants,279,$$ - $$$,restaurant,4.7,"67 Village St Docklands, Melbourne, Victoria 3008 Australia",145,Seafood,2
Little Black Pig & Sons,1,$$ - $$$,restaurant,4.7,"48 Burgundy St, Heidelberg, Banyule, Victoria 3084 Australia",196,American,3
GRK Greek Kitchen & Bar,1,$$ - $$$,restaurant,3.81,"845/847 High St, Thornbury, Darebin, Victoria 3071 Australia",115,Greek,2
The Boatbuilders Yard,211,$$ - $$$,restaurant,4.5,"23 South Wharf Prom, Melbourne, Victoria 3006 Australia",680,Italian,2
La Petite Creperie,294,$,restaurant,4.6,"125 Swanston St Opposite Melbourne Town Hall, Melbourne, Victoria Australia",155,Japanese,1
Lord Cardigan,278,$$ - $$$,restaurant,4.12,"59 Cardigan Pl, Melbourne, Victoria 3206 Australia",114,Vietnamese,3
400 Gradi,1,$$ - $$$,restaurant,3.78,"99 Lygon St, Brunswick West, Moreland, Victoria 3057 Australia",773,Middle Eastern,2
Belgian Beer Cafe,300,$$ - $$$,restaurant,3.09,"5 Riverside Qy Southbank, Melbourne, Victoria 3006 Australia",256,Café,2
Indian Palace Restaurant,4,$$ - $$$,restaurant,4.51,"131 Church St, Brighton, Bayside, Victoria 3186 Australia",153,Indian,3
Anada,17,$$ - $$$,restaurant,4.14,"197 Gertrude St, Fitzroy, Yarra, Victoria 3065 Australia",219,Italian,2
Ish Restaurant,15,$$ - $$$,restaurant,4.6,"199 Gertrude St, Fitzroy, Yarra, Victoria 3065 Australia",62,Seafood,2
L'Hotel Gitan,2,$$ - $$$,restaurant,3.66,"32 Commercial Rd, Prahran, Stonnington, Victoria 3181 Australia",256,Dessert,2
Hawker Hall,4,$$ - $$$,restaurant,3.32,"98 Chapel St, Windsor, Stonnington, Victoria 3181 Australia",506,Middle Eastern,3
Crossways Restaurant,297,$,restaurant,3.7,"309-325 Bourke St, Melbourne, Victoria 3000 Australia",104,Dessert,1
Le Petite Bourke,275,$$ - $$$,restaurant,3.49,"24 Little Bourke St, Melbourne, Victoria 3000 Australia",130,Chinese,2
Royal Stacks,256,$,restaurant,4.18,"470 Collins St, Melbourne, Victoria 3000 Australia",169,Korean,1
Donnini's Restaurant,152,$$ - $$$,restaurant,4.5,"320 Lygon St Carlton, Melbourne, Victoria 3053 Australia",297,Greek,3
City Wine Shop,212,$$ - $$$,restaurant,4.5,"159 Spring St, Melbourne, Victoria 3000 Australia",255,Greek,2
Rock Paper Scissors,260,$$ - $$$,restaurant,4.8,"136-138 Rouse St, Melbourne, Victoria 3207 Australia",76,Italian,2
Ricardo's Trattoria,1,$$ - $$$,restaurant,3.9,"99 Dundas Pl, Albert Park, Port Phillip, Victoria 3206 Australia",176,Italian,3
Lune Croissanterie,221,$,restaurant,4.26,"161 Collins St Shop 16, Enter via Russell Street, Melbourne, Victoria 3000 Australia",156,Vietnamese,1
Maccaroni Trattoria Italiana,286,$$ - $$$,restaurant,4.01,"10-16 Manchester Lane, Melbourne, Victoria 3000 Australia",408,Italian,2
Mjolner,195,$$$$,restaurant,4.13,"106 Hardware St, Melbourne, Victoria 3000 Australia",136,Seafood,4
Ten Square Cafe,214,$$ - $$$,restaurant,4.3,"120 Hardware St, Melbourne, Victoria 3000 Australia",64,Café,2
Koko Black,312,$$ - $$$,restaurant,3.69,"167 Lygon St, Melbourne, Victoria 3053 Australia",187,Italian,3
University Cafe,319,$$ - $$$,restaurant,4.44,"257 Lygon St Carlton, Melbourne, Victoria 3053 Australia",269,Café,2
Asado,301,$$$$,restaurant,4.35,"6 Riverside Quay, Melbourne, Victoria 3006 Australia",211,Middle Eastern,4
Le Petit Gateau,315,$$ - $$$,restaurant,4.16,"458 Little Collins St, Melbourne, Victoria 3000 Australia",76,Thai,2
The Lady Of St Kilda,17,$$ - $$$,restaurant,4.6,"204 Barkly St Corner Smith Street, St Kilda, Port Phillip, Victoria 3182 Australia",53,Indian,3
Paris Go Bistro,307,$$ - $$$,restaurant,3.04,"116 Rathdowne St, Melbourne, Victoria 3053 Australia",169,French,3
ShanDong MaMa mini,302,$,restaurant,4.8,"5 Centre Pl, Melbourne, Victoria 3000 Australia",63,American,1
Tokyo Tina,6,$$ - $$$,restaurant,3.59,"66A Chapel St, Windsor, Stonnington, Victoria 3181 Australia",202,French,2
Il Gambero,303,$$ - $$$,restaurant,4.8,"166 Lygon St Carlton, Melbourne, Victoria 3053 Australia",322,Vietnamese,2
Viet Kitchen,1,$,restaurant,4.17,"110 Hopkins St, Footscray, Maribyrnong, Victoria 3011 Australia",130,Vietnamese,1
Radio Mexico Taqueria & Bar,15,$$ - $$$,restaurant,3.91,"11-13 Carlisle St, St Kilda, Port Phillip, Victoria 3182 Australia",288,Chinese,2
Mister Bianco,3,$$ - $$$,restaurant,4.6,"285 High St, Kew, Boroondara, Victoria 3101 Australia",214,Korean,3
Kekou,7,$$ - $$$,restaurant,4.4,"396 Bridge Road, Richmond, Yarra, Victoria 3121 Australia",64,Greek,3
The Abyssinian,187,$$ - $$$,restaurant,3.61,"277 Racecourse Rd, Melbourne, Victoria 3031 Australia",113,American,3
Blue Chillies,16,$$ - $$$,restaurant,4.2,"182 Brunswick St, Fitzroy, Yarra, Victoria 3065 Australia",145,Café,2
Caffe e Torta,232,$$ - $$$,restaurant,3.33,"314 Little Collins St, Melbourne, Victoria 3000 Australia",289,Chinese,2
Gimlet At Cavendish House,208,$$$$,restaurant,4.61,"33 Russell St, Melbourne, Victoria 3000 Australia",104,Café,4
Pascale Bar & Grill,284,$$$$,restaurant,4.26,"133 Russell St Level 1, Melbourne, Victoria 3000 Australia",161,American,4
Spice Temple,200,$$$$,restaurant,4.36,"Crown Entertainment Complex 8 Whiteman St Crown Complex, Southbank, Melbourne, Victoria 3006 Australia",1311,Dessert,4
Ludlow Bar & Dining Room,322,$$ - $$$,restaurant,4.15,"6 Riverside Qy, Melbourne, Victoria 3006 Australia",702,Korean,3
Sunda,253,$$ - $$$,restaurant,4.4,"18 Punch lane, Melbourne, Victoria 3000 Australia",111,Vietnamese,3
The General Assembly,273,$$ - $$$,restaurant,3.0,"29 South Wharf Prom, Melbourne, Victoria 3006 Australia",269,Seafood,3
Shoya,310,$$$$,restaurant,3.3,"25 Market Lane, Melbourne, Victoria 3000 Australia",216,Italian,4
Pilgrim Bar,325,$$ - $$$,restaurant,3.76,"Vaults 15-19 Federation Wharf Federation Square, Melbourne, Victoria 3000 Australia",175,Australian,3
White Mojo Speciality Coffee & Roaster,318,$$ - $$$,restaurant,4.38,"115 Hardware St, Melbourne, Victoria 3000 Australia",203,Café,3
Dip In Cafe,314,$$ - $$$,restaurant,4.6,"20-22 McKillop St, Melbourne, Victoria 3000 Australia",100,Café,2
Laurent Bakery,311,$$ - $$$,restaurant,4.41,"306 Little Collins St, Melbourne, Victoria 3000 Australia",352,Café,3
One Eleven,313,$$$$,restaurant,4.6,"111 Spring Street The Hotel Windsor, Melbourne, Victoria 3000 Australia",175,Dessert,4
Mister and Miss Cafe,1,$$ - $$$,restaurant,3.0,"Mont Albert Victoria 711-713 Whitehorse Rd, Mont Albert, Whitehorse, Victoria 3127 Australia",199,Café,2
Steer Dining Room,298,$$ - $$$,restaurant,3.08,"15 Claremont St, Melbourne, Victoria 3141 Australia",76,Seafood,3
Cafe Segovia,308,$$ - $$$,restaurant,4.7,"33 Block Place, Melbourne, Victoria 3000 Australia",297,Café,3
Hopscotch,288,$$ - $$$,restaurant,3.77,"Ground Floor, 4 Riverside Quay Southbank, Melbourne, Victoria 3006 Australia",589,French,2
Walkers Doughnuts,324,$,restaurant,3.88,"26/2 Elizabeth St, Melbourne, Victoria 3000 Australia",127,Mexican,1
Saint Crispin,4,$$$$,restaurant,4.2,"300 Smith St, Collingwood, Yarra, Victoria 3066 Australia",332,American,4
Nevsky Russian Restaurant,1,$$ - $$$,restaurant,4.62,"476 Glen Huntly Rd, Elsternwick, Glen Eira, Victoria 3185 Australia",160,Italian,2
Marios Cafe,19,$$ - $$$,restaurant,3.65,"303 Brunswick St, Fitzroy, Yarra, Victoria 3065 Australia",225,Café,2
Tim Ho Wan,323,$$ - $$$,restaurant,4.61,"206 Bourke St, Melbourne, Victoria 3000 Australia",361,Greek,2
Rosetta,224,$$$$,restaurant,3.97,"Crown Entertainment Complex 8 Whiteman St Crown Complex, Melbourne, Victoria 3006 Australia",996,Dessert,4
Chez Olivier,1,$$ - $$$,restaurant,4.8,"268 Toorak Rd, South Yarra, Victoria 3141 Australia",356,Seafood,2
Le Bon Ton,3,$$ - $$$,restaurant,3.31,"51 Gipps St, Collingwood, Yarra, Victoria 3066 Australia",306,Seafood,3
Boosa,2,$$ - $$$,restaurant,4.09,"716 Centre Rd, Bentleigh, Glen Eira, Victoria 3165 Australia",97,Australian,3
Da Noi,270,$$$$,restaurant,4.29,"95 Toorak Rd South Yarra, Melbourne, Victoria 3141 Australia",274,Indian,4
Bibelot,293,$$ - $$$,restaurant,4.0,"285-287 Coventry St, Melbourne, Victoria 3205 Australia",80,Australian,2
White Rabbit,3,$$ - $$$,restaurant,3.92,"118 Church St, Brighton, Bayside, Victoria 3186 Australia",246,Seafood,3
Oriental Tea House,255,$$ - $$$,restaurant,3.42,"378 Little Collins St, Melbourne, Victoria 3000 Australia",221,Seafood,2
Lindt Chocolate Cafe Southgate Melbourne,282,$$ - $$$,restaurant,4.54,"Shop G09, 3 Southgate Avenue Southgate Retail Precinct, Melbourne, Victoria 3006 Australia",208,Dessert,2
Fonda Mexican,349,$$ - $$$,restaurant,4.7,"31 Flinders Lane, Melbourne, Victoria 3000 Australia",312,Mexican,3
Corner & Bench,346,$,restaurant,4.38,"408 Bourke St, Melbourne, Victoria 3000 Australia",86,American,1
Fifteen Pounds Cafe,1,$$ - $$$,restaurant,4.8,"21 Railway Place, Fairfield, Yarra, Victoria 3078 Australia",84,Café,3
Saporito Cafe Bar & Grill,352,$$ - $$$,restaurant,4.06,"12-16 Kavanagh St, Melbourne, Victoria 3006 Australia",71,American,2
Pope Joan,354,$$ - $$$,restaurant,4.11,"45 Collins St, Melbourne, Victoria 3000 Australia",170,Australian,2
The Hof Downtown,383,$$ - $$$,restaurant,3.43,"737 Bourke St Corner of Bourke and Village Street, Melbourne, Victoria 3008 Australia",160,Greek,2
Black Pearl Bar,338,$$ - $$$,restaurant,3.72,"304 Brunswick Street, Melbourne, Victoria Fitzroy Australia",68,Chinese,2
Hurricane Handsome,341,$$ - $$$,restaurant,3.5,"329-331 Bay St, Melbourne, Victoria 3207 Australia",89,Mexican,3
Yeonga Korean BBQ,344,$$ - $$$,restaurant,4.6,"1-3 Cobden St, Melbourne, Victoria 3051 Australia",76,Korean,3
The Crux & Co,331,$$ - $$$,restaurant,4.7,"35 Albert Rd G01, Melbourne, Victoria 3004 Australia",100,Greek,2
Phancy Cafe,340,$$ - $$$,restaurant,4.3,"408 Queen St, Melbourne, Victoria 3000 Australia",93,Café,3
The Irish Times Pub,353,$$ - $$$,restaurant,4.26,"427 Little Collins St, Melbourne, Victoria 3000 Australia",270,Australian,2
Ecco,335,$$ - $$$,restaurant,3.51,"97 Toorak Rd, Melbourne, Victoria 3141 Australia",157,Korean,2
George Street Cafe,332,$$ - $$$,restaurant,4.66,"65 George St, Melbourne, Victoria 3002 Australia",66,Café,2
Collins Kitchen,357,$$$$,restaurant,3.65,"123 Collins St, Melbourne, Victoria 3000 Australia",273,Korean,4
Lemnos Tavern,4,$$ - $$$,restaurant,4.58,"445 High St, Prahran, Stonnington, Victoria 3181 Australia",113,American,2
Moroccan Soup Bar,2,$,restaurant,4.67,"183 St Georges Rd, North Fitzroy, Yarra, Victoria 3068 Australia",218,Middle eastern,1
Station Hotel,3,$$ - $$$,restaurant,3.83,"59 Napier St, Footscray, Maribyrnong, Victoria 3011 Australia",352,French,3
"Borsch, Vodka & Tears",5,$$ - $$$,restaurant,4.48,"173 Chapel St, Windsor, Stonnington, Victoria 3181 Australia",236,Italian,3
Munich Brauhaus,304,$$ - $$$,restaurant,3.2,"45 South Wharf Promenade, Melbourne, Victoria Australia",1034,Indian,2
Carosello,2,$$ - $$$,restaurant,4.8,"22 Margaret St, Moonee Ponds, Moonee Valley, Victoria 3039 Australia",88,Vietnamese,3
Lamaro's Hotel,328,$$ - $$$,restaurant,3.87,"273 Cecil St, Melbourne, Victoria 3205 Australia",194,Korean,2
Postmaster Hotel,2,$$ - $$$,restaurant,3.64,"186 High St, Kew, Boroondara, Victoria 3101 Australia",185,Seafood,2
La Roche,13,$$ - $$$,restaurant,4.65,"185 Acland St, St Kilda, Port Phillip, Victoria 3182 Australia",325,Australian,2
Mr Huang Jin,227,$$ - $$$,restaurant,4.1,"24 Katherine Pl Plaza Level, Rialto Towers, Melbourne, Victoria 3000 Australia",96,Mexican,2
Andrew's Hamburgers,249,$,restaurant,4.4,"144 Bridport St, Melbourne, Victoria 3206 Australia",169,American,1
Rococo,6,$$ - $$$,restaurant,4.13,"87-91 Acland St St.Kilda, St Kilda, Port Phillip, Victoria 3182 Australia",973,Chinese,3
Flora Indian Restaurant,385,$,restaurant,3.06,"238A Flinders St, Melbourne, Victoria 3000 Australia",235,Indian,1
Kiwi Fish & Chips,382,$$ - $$$,restaurant,4.6,"412-422 Victoria Pde Shop 9B, Melbourne, Victoria 3002 Australia",89,Seafood,3
Mesh - Crown Promenade,378,$$ - $$$,restaurant,4.37,"8 Whiteman Street, Southbank 8 Whiteman St, Southbank, Melbourne, Victoria 3006 Australia",432,Middle Eastern,3
Claypots Evening Star,372,$$ - $$$,restaurant,4.7,"Corner Cecil and York Streets South Melbourne Market, Melbourne, Victoria 3205 Australia",137,Chinese,3
Radii Restaurant & Bar,384,$$$$,restaurant,4.42,"1 Parliament Pl, Melbourne, Victoria 3002 Australia",211,Australian,4
Riverland,375,$$ - $$$,restaurant,4.38,"Vaults 1-9 Federation Wharf Federation Square, Melbourne, Victoria 3000 Australia",317,Vietnamese,2
Saxe,379,$$ - $$$,restaurant,3.61,"211 Queen St, Melbourne, Victoria 3000 Australia",52,Greek,2
Little Africa,362,$$ - $$$,restaurant,4.46,"358 Victoria St, Melbourne, Victoria 3051 Australia",58,Thai,2
Plus 5,359,$$ - $$$,restaurant,4.33,"37 South Wharf Promenade, Melbourne, Victoria 3008 Australia",233,Dessert,3
A25 Pizzeria CBD,363,$$ - $$$,restaurant,4.6,"Taylors College 399 Lonsdale St, Melbourne, Victoria 3000 Australia",77,Australian,3
Hooks At The Yarra,390,$$ - $$$,restaurant,3.58,"Yarra's Edge 50 River Esp Docklands, Melbourne, Victoria 3008 Australia",130,Korean,2
Dish & Spoon,2,$$ - $$$,restaurant,4.54,"122 Highfield Rd, Camberwell, Victoria 3124 Australia",72,Middle Eastern,3
Khao San Road,5,$$ - $$$,restaurant,3.7,"696 Mt Alexander Rd, Moonee Ponds, Moonee Valley, Victoria 3039 Australia",114,Australian,2
Garden State Hotel,345,$$ - $$$,restaurant,4.0,"101 Flinders Lane, Melbourne, Victoria 3000 Australia",299,Korean,3
QT Kitchen,1,$$ - $$$,restaurant,3.8,"12 High St, Glen Iris, Stonnington, Victoria 3146 Australia",71,Greek,3
Kri Kri,333,$$ - $$$,restaurant,3.9,"39-41 Little Bourke St, Melbourne, Victoria 3000 Australia",370,Italian,3
Naked in the Sky,20,$$ - $$$,restaurant,4.15,"285 Brunswick St, Fitzroy, Yarra, Victoria 3065 Australia",130,French,3
Bahari the Hellenic Palate,9,$$ - $$$,restaurant,4.2,"179 Swan St, Richmond, Yarra, Victoria 3121 Australia",147,Dessert,3
Saint & Rogue,330,$$ - $$$,restaurant,3.3,"582 Little Collins St, Melbourne, Victoria 3000 Australia",127,Chinese,2
Little Vietnam 504,1,$$ - $$$,restaurant,4.41,"504 Hampton St, Hampton, Bayside, Victoria 3188 Australia",145,Vietnamese,3
Mr. Miyagi,2,$$ - $$$,restaurant,3.39,"99 Chapel St, Windsor, Stonnington, Victoria 3181 Australia",401,Thai,2
The Crafty Squire,299,$$ - $$$,restaurant,3.49,"127 Russell St, Melbourne, Victoria 3000 Australia",363,Korean,3
Abla's,316,$$ - $$$,restaurant,3.11,"109 Elgin St, Melbourne, Victoria 3053 Australia",204,Korean,3
Spring Street Grocer Cafe,305,$$ - $$$,restaurant,4.4,"157 Spring St, Melbourne, Victoria 3000 Australia",96,Café,3
Franco-Belge,377,$$ - $$$,restaurant,3.7,"9 Evans Place, Hawthorn East, Melbourne, Victoria 3123 Australia",74,Middle Eastern,3
Left Bank Melbourne,368,$$ - $$$,restaurant,3.7,"1 Southbank Boulevard, Melbourne, Victoria 3006 Australia",841,Australian,2
French Saloon,370,$$$$,restaurant,4.58,"46 Hardware Lane First Floor, Melbourne, Victoria 3000 Australia",92,French,4
The Moat,365,$$ - $$$,restaurant,3.98,"176 Little Lonsdale St, Melbourne, Victoria 3000 Australia",123,Japanese,3
The League of Honest Coffee,386,$$ - $$$,restaurant,4.1,"8 Exploration Lane, Melbourne, Victoria 3000 Australia",94,Café,2
The Louden Kitchen & Grill,387,$$ - $$$,restaurant,4.7,"265 Little Bourke St, Melbourne, Victoria 3000 Australia",157,American,3
Hot Poppy,364,$$ - $$$,restaurant,4.8,"9 Errol St, Melbourne, Victoria 3051 Australia",74,French,3
The Essence,369,$$ - $$$,restaurant,4.8,"Corner Exhibition & Lonsdale Streets Melbourne Marriott Hotel, Melbourne, Victoria 3000 Australia",240,Thai,2
Bratwurst Shop & Co,388,$,restaurant,4.38,"Therry St. Queen Victoria Market Shop 99-100, Melbourne, Victoria 3000 Australia",73,French,1
Rocket Burger & Fries,321,$,restaurant,4.35,"Cnr Flinders & Elizabeth Streets 26 Elizabeth St, Melbourne, Victoria 3000 Australia",131,American,1
Chiba Japanese Restaurant,4,$$ - $$$,restaurant,3.68,"41 Hall St, Moonee Ponds, Moonee Valley, Victoria 3039 Australia",185,Japanese,3
Dock 37 Bar and Kitchen,337,$$ - $$$,restaurant,3.61,"2 Convention Centre Pl South Wharf, Melbourne, Victoria 3006 Australia",177,Italian,2
Salona Restaurant,351,$$ - $$$,restaurant,4.6,"260A Swan Street, Richmond, Melbourne, Victoria 3121 Australia",126,American,2
Shakahari too,355,$$ - $$$,restaurant,4.57,"225 Clarendon St, Melbourne, Victoria 3205 Australia",89,Korean,3
Aix Cafe,358,$,restaurant,4.16,"24 Centre Pl, Melbourne, Victoria 3000 Australia",85,Café,1
Cochin Wine Bar & Restaurant,10,$$ - $$$,restaurant,3.63,"256 Swan St, Richmond, Yarra, Victoria 3121 Australia",118,Dessert,2
Cafe Issus,339,$$ - $$$,restaurant,3.96,"8-10 Centre Pl, Melbourne, Victoria 3000 Australia",264,Café,2
The Tippler & Co,336,$$ - $$$,restaurant,4.2,"58 Wellington Pde, Melbourne, Victoria 3002 Australia",121,American,2
Philhellene,3,$$ - $$$,restaurant,3.68,"551-553 Mount Alexander Rd, Moonee Ponds, Moonee Valley, Victoria 3039 Australia",187,Australian,2
Pretty Boy Italian Steakhouse,348,$$ - $$$,restaurant,3.82,"399 Little Lonsdale Street Level 1, Melbourne, Victoria 3000 Australia",73,American,3
Elephant and Wheelbarrow,327,$$ - $$$,restaurant,3.14,"94-96 Bourke St, Melbourne, Victoria 3000 Australia",582,Seafood,3
Plain Sailing,1,$$ - $$$,restaurant,3.75,"144 Ormond Rd, Elwood, Port Phillip, Victoria 3184 Australia",85,Middle Eastern,2
Little Tommy Tucker Cafe,4,$$ - $$$,restaurant,4.2,"432 Centre Rd, Bentleigh, Glen Eira, Victoria 3204 Australia",153,Café,3
Lentil As Anything St Kilda,14,$,restaurant,4.62,"41 Blessington St, St Kilda, Port Phillip, Victoria 3182 Australia",219,Greek,1
Yassas - The Greek Way,392,$$ - $$$,restaurant,4.3,"4-9/3 Southgate Ave Southgate Plaza, Melbourne, Victoria 3006 Australia",399,Greek,2
Locanda Restaurant & Public Bar,317,$$ - $$$,restaurant,4.38,"186 Exhibition St, Melbourne, Victoria 3000 Australia",369,Australian,3
Pud Thai vs Pho,347,$,restaurant,4.13,"60 Siddeley St, Melbourne, Victoria 3008 Australia",103,Thai,1
Sake Restaurant & Bar,389,$$ - $$$,restaurant,3.5,"121 Flinders Lane, Melbourne, Victoria 3000 Australia",181,French,2
Swaad India's Zest,3,$$ - $$$,restaurant,3.89,"Shop 9 271-275 Centre Rd, Bentleigh, Glen Eira, Victoria 3204 Australia",81,Indian,3
Cafe Keyif,343,$$ - $$$,restaurant,3.98,"U 1 550 Flinders St Entry Through Downie Street, Melbourne, Victoria 3000 Australia",138,Café,2
Half Moon Cafe,1,$,restaurant,3.4,"13 Victoria St Shop 13, Coburg, Moreland, Victoria 3058 Australia",65,Café,1
Brighton Soul,5,$,restaurant,4.9,"129 Church Street, Brighton, Bayside, Victoria 3186 Australia",131,Chinese,1
Bistro La Provence,6,$$ - $$$,restaurant,4.5,"234 Esplanade, Brighton, Bayside, Victoria 3186 Australia",146,French,3
Avatar Indian Cuisine,1,$$ - $$$,restaurant,4.6,"291 Whitehorse Rd Opposite Balwyn Park, Balwyn, Boroondara, Victoria 3103 Australia",88,Indian,2
Paper Plate Restaurant,12,$$ - $$$,restaurant,4.47,"318 Bridge Rd, Richmond, Yarra, Victoria 3121 Australia",65,Italian,3
Jim's Greek Tavern,5,$$ - $$$,restaurant,4.12,"32 Johnston St, Collingwood, Yarra, Victoria 3066 Australia",457,Greek,2
Archie's All Day,18,$$ - $$$,restaurant,4.14,"189 Gertrude St, Fitzroy, Yarra, Victoria 3065 Australia",162,Korean,2
Sapa Hills Restaurant,2,$$ - $$$,restaurant,3.51,"112 Hopkins St, Footscray, Maribyrnong, Victoria 3011 Australia",196,Indian,2
Ginza Teppanyaki,380,$$ - $$$,restaurant,4.5,"139 Little Bourke St, Melbourne, Victoria 3000 Australia",229,Korean,3
American Doughnut Kitchen,374,$,restaurant,3.53,"Queen St, Melbourne, Victoria 3000 Australia",100,American,1
Sir Charles,14,$$ - $$$,restaurant,3.22,"121 Johnston St, Fitzroy, Yarra, Victoria 3065 Australia",133,French,2
Eliana Lulu,287,$$ - $$$,restaurant,4.27,"7-9 Centre Pl, Melbourne, Victoria 3000 Australia",166,Indian,3
Mediterraneo Charcoal Restaurant,3,$$ - $$$,restaurant,3.87,"116 Bridport St, Albert Park, Port Phillip, Victoria 3206 Australia",171,Korean,2
Dumplings Plus,381,$,restaurant,4.8,"269 Swanston St, Melbourne, Victoria 3000 Australia",264,Chinese,1
Curry Vault Indian Restaurant and Bar,334,$$ - $$$,restaurant,3.07,"18-20 Bank Pl, Melbourne, Victoria 3000 Australia",300,Indian,2
The Point Restaurant,4,$$$$,restaurant,3.73,"Aquatic Drive Albert Park Lake, Albert Park, Port Phillip, Victoria 3206 Australia",242,Dessert,4
Massi,320,$$ - $$$,restaurant,4.51,"445 Little Collins St, Melbourne, Victoria 3000 Australia",83,Korean,2
Shark Fin Inn,406,$$ - $$$,restaurant,4.57,"50 Little Bourke St, Melbourne, Victoria 3000 Australia",586,Korean,2
The Crane Restaurant,416,$$ - $$$,restaurant,3.0,"212 Little Bourke St, Melbourne, Victoria 3000 Australia",194,Dessert,3
Daughter in Law,404,$$ - $$$,restaurant,4.59,"37 Little Bourke St Ground Floor, Melbourne, Victoria 3000 Australia",113,Greek,2
Little Cupcakes,398,$,restaurant,4.15,"Shop 6/181 William St, Goldsborough Lane, Melbourne, Victoria 3000 Australia",127,Dessert,1
Hawker Boys,399,$,restaurant,3.14,"85 Hardware Lane, Melbourne, Victoria 3000 Australia",70,Chinese,1
Carlton Curry House,400,$$ - $$$,restaurant,4.55,"108 Lygon St, Melbourne, Victoria 3053 Australia",204,Indian,3
Anchovy,11,$$ - $$$,restaurant,4.38,"338 Bridge Rd, Richmond, Yarra, Victoria 3121 Australia",93,Vietnamese,2
Sons of Mary,2,$$ - $$$,restaurant,3.6,"14 Spink St, Brighton, Bayside, Victoria 3186 Australia",233,Italian,3
Atrium Bar On 35,421,$$$$,restaurant,4.0,"25 Collins St, Melbourne, Victoria 3000 Australia",83,Greek,4
Sakura Kaiten,361,$$ - $$$,restaurant,4.35,"60 Little Collins St, Melbourne, Victoria 3000 Australia",132,Middle Eastern,3
The Hardware Club,218,$$ - $$$,restaurant,4.6,"43 Hardware Lane, Melbourne, Victoria 3000 Australia",57,Indian,3
Cornish Arms Hotel,4,$$ - $$$,restaurant,3.23,"163A Sydney Rd, Brunswick, Moreland, Victoria 3056 Australia",184,Greek,2
D.O.C,356,$$ - $$$,restaurant,4.47,"326 Lygon St Carlton, Melbourne, Victoria 3053 Australia",262,Middle Eastern,2
Cafe Cavallino,410,$$ - $$$,restaurant,4.13,"181-183 Lygon Street, Melbourne, Victoria Australia",260,Café,3
Jungle Juice Bar,393,$,restaurant,4.49,"20 Centre Pl, Melbourne, Victoria 3000 Australia",78,Dessert,1
Three Bags Full Cafe,2,$$ - $$$,restaurant,4.13,"Corner of Nicholson St and Mollison St,, Abbotsford, Yarra, Victoria 3067 Australia",230,Café,2
Chinta Ria Soul,18,$$ - $$$,restaurant,4.55,"94 Acland St, St Kilda, Port Phillip, Victoria 3182 Australia",247,French,2
Atta Restaurant,2,$$ - $$$,restaurant,4.4,"159-161 Victoria Ave Melbourne, Albert Park, Port Phillip, Victoria 3206 Australia",102,Chinese,3
Park Street Pasta & Wine,443,$$ - $$$,restaurant,4.13,"268 Park St South Melbourne, Melbourne, Victoria 3205 Australia",91,Italian,3
The Pancake Parlour,411,$$ - $$$,restaurant,3.87,"Centrepoint Arcade, Bourke Street Mall Centrepoint Arcade, Bourke Street Mall, Down the Escalators, Between Sportsgirl and Jetty Surf, Melbourne, Victoria 3000 Australia",323,Dessert,2
Bella Cosi,446,$$ - $$$,restaurant,3.89,"71 Beach St, Melbourne, Victoria 3207 Australia",71,American,2
At Ease - Easy Thai,437,$,restaurant,3.78,"195 Lonsdale St, Melbourne, Victoria 3000 Australia",75,Thai,1
Lolo and Wren,436,$$ - $$$,restaurant,3.53,"484 Albion St West Brunswick, Melbourne, Victoria Australia",84,American,2
Thai city,438,$$ - $$$,restaurant,3.17,"124 Lygon Street Carlton, Melbourne, Victoria 3000 Australia",72,Thai,2
Tokui Sushi,429,$,restaurant,4.61,"260 Lonsdale St, Melbourne, Victoria 3000 Australia",50,Japanese,1
